leitura,segundo,minuto,intensidadeMinuto
0,1,1,False
0,1,1,False
0,1,1,False
1,2,1,False
0,2,1,False
0,2,1,False
0,3,1,False
0,3,1,False
0,3,1,False
1,4,1,False
1,4,1,False
0,4,1,False
1,5,1,False
1,5,1,False
0,5,1,False
1,6,1,False
1,6,1,False
0,6,1,False
1,7,1,False
0,7,1,False
0,7,1,False
1,8,1,False
1,8,1,False
1,8,1,False
0,9,1,False
0,9,1,False
0,9,1,False
1,10,1,False
0,10,1,False
1,10,1,False
1,11,1,False
0,11,1,False
1,11,1,False
0,12,1,False
1,12,1,False
1,12,1,False
1,13,1,False
1,13,1,False
1,13,1,False
0,14,1,False
1,14,1,False
1,14,1,False
0,15,1,False
1,15,1,False
0,15,1,False
1,16,1,False
0,16,1,False
0,16,1,False
0,17,1,False
1,17,1,False
1,17,1,False
1,18,1,False
0,18,1,False
1,18,1,False
0,19,1,False
1,19,1,False
0,19,1,False
0,20,1,False
0,20,1,False
1,20,1,False
1,21,1,False
1,21,1,False
0,21,1,False
1,22,1,False
0,22,1,False
1,22,1,False
0,23,1,False
0,23,1,False
1,23,1,False
0,24,1,False
0,24,1,False
0,24,1,False
1,25,1,False
0,25,1,False
0,25,1,False
0,26,1,False
0,26,1,False
0,26,1,False
0,27,1,False
1,27,1,False
0,27,1,False
0,28,1,False
0,28,1,False
1,28,1,False
0,29,1,False
1,29,1,False
0,29,1,False
1,30,1,False
0,30,1,False
1,30,1,False
1,31,1,False
0,31,1,False
1,31,1,False
1,32,1,False
1,32,1,False
0,32,1,False
1,33,1,False
0,33,1,False
1,33,1,False
0,34,1,False
0,34,1,False
0,34,1,False
1,35,1,False
1,35,1,False
1,35,1,False
1,36,1,False
1,36,1,False
0,36,1,False
0,37,1,False
1,37,1,False
1,37,1,False
0,38,1,False
1,38,1,False
0,38,1,False
1,39,1,False
0,39,1,False
1,39,1,False
0,40,1,False
1,40,1,False
0,40,1,False
0,41,1,False
1,41,1,False
1,41,1,False
0,42,1,False
0,42,1,False
1,42,1,False
0,43,1,False
1,43,1,False
1,43,1,False
0,44,1,False
1,44,1,False
0,44,1,False
1,45,1,False
0,45,1,False
0,45,1,False
1,46,1,False
0,46,1,False
0,46,1,False
1,47,1,False
0,47,1,False
1,47,1,False
1,48,1,False
0,48,1,False
1,48,1,False
0,49,1,False
1,49,1,False
1,49,1,False
1,50,1,False
1,50,1,False
1,50,1,False
1,51,1,False
1,51,1,False
1,51,1,False
1,52,1,False
0,52,1,False
0,52,1,False
0,53,1,False
0,53,1,False
1,53,1,False
1,54,1,False
0,54,1,False
0,54,1,False
0,55,1,False
0,55,1,False
0,55,1,False
1,56,1,False
0,56,1,False
1,56,1,False
1,57,1,False
1,57,1,False
0,57,1,False
0,58,1,False
1,58,1,False
1,58,1,False
1,59,1,False
1,59,1,False
1,59,1,False
0,60,1,False
1,60,1,False
1,60,1,False
1,61,2,False
1,61,2,False
1,61,2,False
1,62,2,False
1,62,2,False
1,62,2,False
1,63,2,False
1,63,2,False
1,63,2,False
0,64,2,False
1,64,2,False
0,64,2,False
0,65,2,False
1,65,2,False
1,65,2,False
0,66,2,False
1,66,2,False
1,66,2,False
0,67,2,False
0,67,2,False
1,67,2,False
0,68,2,False
0,68,2,False
0,68,2,False
0,69,2,False
1,69,2,False
1,69,2,False
0,70,2,False
1,70,2,False
1,70,2,False
0,71,2,False
1,71,2,False
0,71,2,False
1,72,2,False
1,72,2,False
1,72,2,False
0,73,2,False
1,73,2,False
1,73,2,False
1,74,2,False
0,74,2,False
1,74,2,False
1,75,2,False
1,75,2,False
1,75,2,False
1,76,2,False
1,76,2,False
0,76,2,False
0,77,2,False
0,77,2,False
1,77,2,False
0,78,2,False
0,78,2,False
0,78,2,False
1,79,2,False
0,79,2,False
1,79,2,False
1,80,2,False
1,80,2,False
1,80,2,False
1,81,2,False
0,81,2,False
0,81,2,False
0,82,2,False
0,82,2,False
0,82,2,False
0,83,2,False
1,83,2,False
1,83,2,False
1,84,2,False
1,84,2,False
1,84,2,False
1,85,2,False
1,85,2,False
1,85,2,False
0,86,2,False
1,86,2,False
1,86,2,False
0,87,2,False
0,87,2,False
0,87,2,False
1,88,2,False
1,88,2,False
1,88,2,False
1,89,2,False
1,89,2,False
1,89,2,False
1,90,2,False
1,90,2,False
0,90,2,False
0,91,2,False
0,91,2,False
0,91,2,False
0,92,2,False
1,92,2,False
0,92,2,False
1,93,2,False
1,93,2,False
0,93,2,False
0,94,2,False
0,94,2,False
1,94,2,False
1,95,2,False
0,95,2,False
0,95,2,False
0,96,2,False
1,96,2,False
0,96,2,False
1,97,2,False
1,97,2,False
0,97,2,False
1,98,2,False
1,98,2,False
1,98,2,False
0,99,2,False
1,99,2,False
0,99,2,False
0,100,2,False
0,100,2,False
1,100,2,False
1,101,2,False
1,101,2,False
1,101,2,False
0,102,2,False
1,102,2,False
0,102,2,False
1,103,2,False
0,103,2,False
0,103,2,False
0,104,2,False
0,104,2,False
1,104,2,False
1,105,2,False
1,105,2,False
1,105,2,False
0,106,2,False
1,106,2,False
1,106,2,False
0,107,2,False
1,107,2,False
0,107,2,False
0,108,2,False
0,108,2,False
0,108,2,False
1,109,2,False
1,109,2,False
0,109,2,False
0,110,2,False
0,110,2,False
1,110,2,False
0,111,2,False
0,111,2,False
1,111,2,False
0,112,2,False
1,112,2,False
0,112,2,False
0,113,2,False
0,113,2,False
1,113,2,False
0,114,2,False
0,114,2,False
1,114,2,False
1,115,2,False
1,115,2,False
1,115,2,False
0,116,2,False
1,116,2,False
0,116,2,False
1,117,2,False
1,117,2,False
1,117,2,False
1,118,2,False
1,118,2,False
0,118,2,False
1,119,2,False
0,119,2,False
1,119,2,False
1,120,2,False
0,120,2,False
0,120,2,False
0,121,3,False
1,121,3,False
1,121,3,False
0,122,3,False
1,122,3,False
0,122,3,False
0,123,3,False
1,123,3,False
1,123,3,False
1,124,3,False
1,124,3,False
1,124,3,False
1,125,3,False
1,125,3,False
1,125,3,False
0,126,3,False
0,126,3,False
1,126,3,False
1,127,3,False
0,127,3,False
1,127,3,False
1,128,3,False
1,128,3,False
1,128,3,False
0,129,3,False
1,129,3,False
0,129,3,False
1,130,3,False
1,130,3,False
1,130,3,False
1,131,3,False
1,131,3,False
0,131,3,False
1,132,3,False
1,132,3,False
0,132,3,False
0,133,3,False
0,133,3,False
1,133,3,False
1,134,3,False
1,134,3,False
0,134,3,False
0,135,3,False
0,135,3,False
1,135,3,False
1,136,3,False
1,136,3,False
0,136,3,False
0,137,3,False
0,137,3,False
0,137,3,False
1,138,3,False
1,138,3,False
1,138,3,False
0,139,3,False
1,139,3,False
0,139,3,False
1,140,3,False
0,140,3,False
1,140,3,False
1,141,3,False
0,141,3,False
1,141,3,False
1,142,3,False
0,142,3,False
1,142,3,False
1,143,3,False
1,143,3,False
1,143,3,False
1,144,3,False
1,144,3,False
0,144,3,False
0,145,3,False
0,145,3,False
1,145,3,False
1,146,3,False
0,146,3,False
1,146,3,False
0,147,3,False
0,147,3,False
0,147,3,False
1,148,3,False
1,148,3,False
0,148,3,False
1,149,3,False
0,149,3,False
0,149,3,False
0,150,3,False
1,150,3,False
1,150,3,False
1,151,3,False
1,151,3,False
1,151,3,False
0,152,3,False
0,152,3,False
0,152,3,False
0,153,3,False
1,153,3,False
1,153,3,False
1,154,3,False
0,154,3,False
1,154,3,False
1,155,3,False
0,155,3,False
0,155,3,False
0,156,3,False
1,156,3,False
1,156,3,False
0,157,3,False
1,157,3,False
1,157,3,False
1,158,3,False
1,158,3,False
0,158,3,False
0,159,3,False
1,159,3,False
0,159,3,False
0,160,3,False
1,160,3,False
0,160,3,False
0,161,3,False
0,161,3,False
1,161,3,False
0,162,3,False
0,162,3,False
1,162,3,False
0,163,3,False
1,163,3,False
1,163,3,False
1,164,3,False
1,164,3,False
1,164,3,False
0,165,3,False
1,165,3,False
1,165,3,False
1,166,3,False
1,166,3,False
0,166,3,False
1,167,3,False
1,167,3,False
0,167,3,False
1,168,3,False
1,168,3,False
1,168,3,False
1,169,3,False
0,169,3,False
0,169,3,False
0,170,3,False
1,170,3,False
0,170,3,False
1,171,3,False
0,171,3,False
1,171,3,False
0,172,3,False
0,172,3,False
1,172,3,False
1,173,3,False
1,173,3,False
1,173,3,False
1,174,3,False
0,174,3,False
1,174,3,False
0,175,3,False
0,175,3,False
0,175,3,False
0,176,3,False
1,176,3,False
1,176,3,False
0,177,3,False
0,177,3,False
1,177,3,False
1,178,3,False
1,178,3,False
1,178,3,False
1,179,3,False
1,179,3,False
1,179,3,False
1,180,3,False
1,180,3,False
1,180,3,False
0,181,4,False
1,181,4,False
1,181,4,False
0,182,4,False
0,182,4,False
1,182,4,False
1,183,4,False
1,183,4,False
0,183,4,False
1,184,4,False
0,184,4,False
1,184,4,False
0,185,4,False
1,185,4,False
0,185,4,False
1,186,4,False
1,186,4,False
0,186,4,False
0,187,4,False
0,187,4,False
0,187,4,False
1,188,4,False
0,188,4,False
1,188,4,False
0,189,4,False
0,189,4,False
1,189,4,False
1,190,4,False
1,190,4,False
0,190,4,False
1,191,4,False
1,191,4,False
0,191,4,False
1,192,4,False
1,192,4,False
1,192,4,False
0,193,4,False
1,193,4,False
0,193,4,False
0,194,4,False
1,194,4,False
0,194,4,False
1,195,4,False
1,195,4,False
1,195,4,False
1,196,4,False
0,196,4,False
0,196,4,False
1,197,4,False
1,197,4,False
1,197,4,False
0,198,4,False
1,198,4,False
1,198,4,False
0,199,4,False
1,199,4,False
1,199,4,False
1,200,4,False
1,200,4,False
1,200,4,False
1,201,4,False
1,201,4,False
1,201,4,False
0,202,4,False
0,202,4,False
0,202,4,False
1,203,4,False
1,203,4,False
0,203,4,False
0,204,4,False
1,204,4,False
1,204,4,False
1,205,4,False
1,205,4,False
0,205,4,False
0,206,4,False
1,206,4,False
1,206,4,False
0,207,4,False
1,207,4,False
1,207,4,False
1,208,4,False
1,208,4,False
1,208,4,False
1,209,4,False
0,209,4,False
0,209,4,False
1,210,4,False
0,210,4,False
0,210,4,False
1,211,4,False
1,211,4,False
0,211,4,False
1,212,4,False
1,212,4,False
1,212,4,False
0,213,4,False
1,213,4,False
1,213,4,False
0,214,4,False
1,214,4,False
1,214,4,False
1,215,4,False
0,215,4,False
0,215,4,False
1,216,4,False
0,216,4,False
0,216,4,False
1,217,4,False
1,217,4,False
1,217,4,False
1,218,4,False
1,218,4,False
1,218,4,False
1,219,4,False
1,219,4,False
1,219,4,False
1,220,4,False
1,220,4,False
0,220,4,False
1,221,4,False
1,221,4,False
1,221,4,False
1,222,4,False
0,222,4,False
1,222,4,False
0,223,4,False
1,223,4,False
1,223,4,False
0,224,4,False
0,224,4,False
1,224,4,False
1,225,4,False
1,225,4,False
0,225,4,False
1,226,4,False
1,226,4,False
1,226,4,False
0,227,4,False
1,227,4,False
1,227,4,False
1,228,4,False
1,228,4,False
1,228,4,False
0,229,4,False
1,229,4,False
0,229,4,False
0,230,4,False
1,230,4,False
0,230,4,False
0,231,4,False
1,231,4,False
1,231,4,False
1,232,4,False
0,232,4,False
1,232,4,False
0,233,4,False
1,233,4,False
0,233,4,False
1,234,4,False
1,234,4,False
0,234,4,False
0,235,4,False
1,235,4,False
0,235,4,False
1,236,4,False
1,236,4,False
1,236,4,False
0,237,4,False
0,237,4,False
1,237,4,False
0,238,4,False
1,238,4,False
0,238,4,False
1,239,4,False
0,239,4,False
1,239,4,False
0,240,4,False
0,240,4,False
0,240,4,False
0,241,5,False
1,241,5,False
0,241,5,False
1,242,5,False
0,242,5,False
1,242,5,False
1,243,5,False
1,243,5,False
0,243,5,False
0,244,5,False
0,244,5,False
1,244,5,False
1,245,5,False
0,245,5,False
1,245,5,False
1,246,5,False
0,246,5,False
0,246,5,False
0,247,5,False
1,247,5,False
1,247,5,False
1,248,5,False
1,248,5,False
0,248,5,False
1,249,5,False
1,249,5,False
1,249,5,False
1,250,5,False
1,250,5,False
0,250,5,False
1,251,5,False
0,251,5,False
0,251,5,False
0,252,5,False
1,252,5,False
1,252,5,False
0,253,5,False
1,253,5,False
0,253,5,False
0,254,5,False
1,254,5,False
0,254,5,False
1,255,5,False
1,255,5,False
0,255,5,False
0,256,5,False
1,256,5,False
1,256,5,False
0,257,5,False
0,257,5,False
0,257,5,False
1,258,5,False
1,258,5,False
1,258,5,False
0,259,5,False
1,259,5,False
1,259,5,False
0,260,5,False
1,260,5,False
0,260,5,False
1,261,5,False
1,261,5,False
0,261,5,False
1,262,5,False
0,262,5,False
1,262,5,False
1,263,5,False
1,263,5,False
1,263,5,False
0,264,5,False
1,264,5,False
1,264,5,False
1,265,5,False
0,265,5,False
1,265,5,False
0,266,5,False
1,266,5,False
1,266,5,False
1,267,5,False
0,267,5,False
1,267,5,False
1,268,5,False
1,268,5,False
1,268,5,False
1,269,5,False
0,269,5,False
0,269,5,False
1,270,5,False
1,270,5,False
0,270,5,False
1,271,5,False
1,271,5,False
1,271,5,False
1,272,5,False
1,272,5,False
0,272,5,False
1,273,5,False
1,273,5,False
1,273,5,False
0,274,5,False
0,274,5,False
0,274,5,False
1,275,5,False
0,275,5,False
1,275,5,False
1,276,5,False
0,276,5,False
1,276,5,False
1,277,5,False
1,277,5,False
1,277,5,False
0,278,5,False
0,278,5,False
1,278,5,False
1,279,5,False
0,279,5,False
0,279,5,False
1,280,5,False
0,280,5,False
0,280,5,False
1,281,5,False
1,281,5,False
1,281,5,False
0,282,5,False
1,282,5,False
1,282,5,False
1,283,5,False
1,283,5,False
1,283,5,False
1,284,5,False
0,284,5,False
1,284,5,False
1,285,5,False
0,285,5,False
1,285,5,False
0,286,5,False
0,286,5,False
1,286,5,False
0,287,5,False
0,287,5,False
0,287,5,False
1,288,5,False
1,288,5,False
1,288,5,False
1,289,5,False
0,289,5,False
0,289,5,False
1,290,5,False
0,290,5,False
0,290,5,False
1,291,5,False
1,291,5,False
1,291,5,False
1,292,5,False
0,292,5,False
1,292,5,False
1,293,5,False
1,293,5,False
1,293,5,False
1,294,5,False
1,294,5,False
0,294,5,False
1,295,5,False
1,295,5,False
0,295,5,False
1,296,5,False
0,296,5,False
1,296,5,False
1,297,5,False
0,297,5,False
1,297,5,False
0,298,5,False
1,298,5,False
0,298,5,False
0,299,5,False
1,299,5,False
1,299,5,False
1,300,5,False
0,300,5,False
0,300,5,False
0,301,6,True
1,301,6,True
1,301,6,True
1,302,6,True
1,302,6,True
1,302,6,True
1,303,6,True
1,303,6,True
1,303,6,True
1,304,6,True
1,304,6,True
0,304,6,True
1,305,6,True
1,305,6,True
1,305,6,True
0,306,6,True
1,306,6,True
1,306,6,True
0,307,6,True
1,307,6,True
0,307,6,True
1,308,6,True
0,308,6,True
0,308,6,True
1,309,6,True
0,309,6,True
1,309,6,True
1,310,6,True
0,310,6,True
1,310,6,True
1,311,6,True
1,311,6,True
1,311,6,True
1,312,6,True
1,312,6,True
1,312,6,True
1,313,6,True
1,313,6,True
1,313,6,True
0,314,6,True
0,314,6,True
1,314,6,True
0,315,6,True
1,315,6,True
1,315,6,True
1,316,6,True
1,316,6,True
1,316,6,True
0,317,6,True
1,317,6,True
1,317,6,True
0,318,6,True
1,318,6,True
1,318,6,True
1,319,6,True
0,319,6,True
1,319,6,True
1,320,6,True
0,320,6,True
1,320,6,True
1,321,6,True
0,321,6,True
0,321,6,True
1,322,6,True
0,322,6,True
1,322,6,True
1,323,6,True
1,323,6,True
0,323,6,True
1,324,6,True
1,324,6,True
0,324,6,True
0,325,6,True
1,325,6,True
1,325,6,True
1,326,6,True
0,326,6,True
0,326,6,True
1,327,6,True
1,327,6,True
1,327,6,True
1,328,6,True
0,328,6,True
1,328,6,True
1,329,6,True
0,329,6,True
1,329,6,True
1,330,6,True
1,330,6,True
1,330,6,True
1,331,6,True
1,331,6,True
0,331,6,True
1,332,6,True
1,332,6,True
1,332,6,True
1,333,6,True
1,333,6,True
1,333,6,True
1,334,6,True
0,334,6,True
1,334,6,True
1,335,6,True
1,335,6,True
1,335,6,True
0,336,6,True
0,336,6,True
1,336,6,True
1,337,6,True
0,337,6,True
0,337,6,True
1,338,6,True
1,338,6,True
1,338,6,True
0,339,6,True
1,339,6,True
0,339,6,True
0,340,6,True
0,340,6,True
1,340,6,True
0,341,6,True
0,341,6,True
0,341,6,True
1,342,6,True
1,342,6,True
0,342,6,True
1,343,6,True
1,343,6,True
1,343,6,True
0,344,6,True
0,344,6,True
0,344,6,True
1,345,6,True
0,345,6,True
1,345,6,True
1,346,6,True
0,346,6,True
0,346,6,True
1,347,6,True
0,347,6,True
0,347,6,True
1,348,6,True
1,348,6,True
0,348,6,True
1,349,6,True
1,349,6,True
0,349,6,True
1,350,6,True
1,350,6,True
1,350,6,True
1,351,6,True
1,351,6,True
1,351,6,True
0,352,6,True
1,352,6,True
0,352,6,True
1,353,6,True
0,353,6,True
0,353,6,True
1,354,6,True
1,354,6,True
0,354,6,True
1,355,6,True
1,355,6,True
0,355,6,True
1,356,6,True
0,356,6,True
1,356,6,True
1,357,6,True
1,357,6,True
1,357,6,True
1,358,6,True
1,358,6,True
1,358,6,True
1,359,6,True
0,359,6,True
1,359,6,True
0,360,6,True
0,360,6,True
0,360,6,True
0,361,7,True
1,361,7,True
0,361,7,True
0,362,7,True
0,362,7,True
1,362,7,True
0,363,7,True
0,363,7,True
1,363,7,True
1,364,7,True
0,364,7,True
0,364,7,True
1,365,7,True
1,365,7,True
1,365,7,True
1,366,7,True
0,366,7,True
1,366,7,True
0,367,7,True
0,367,7,True
1,367,7,True
1,368,7,True
1,368,7,True
1,368,7,True
0,369,7,True
1,369,7,True
1,369,7,True
1,370,7,True
1,370,7,True
0,370,7,True
0,371,7,True
1,371,7,True
0,371,7,True
1,372,7,True
1,372,7,True
1,372,7,True
1,373,7,True
1,373,7,True
1,373,7,True
1,374,7,True
1,374,7,True
1,374,7,True
1,375,7,True
1,375,7,True
0,375,7,True
1,376,7,True
1,376,7,True
0,376,7,True
1,377,7,True
1,377,7,True
1,377,7,True
1,378,7,True
1,378,7,True
1,378,7,True
0,379,7,True
1,379,7,True
1,379,7,True
1,380,7,True
1,380,7,True
1,380,7,True
0,381,7,True
1,381,7,True
1,381,7,True
1,382,7,True
1,382,7,True
0,382,7,True
0,383,7,True
1,383,7,True
1,383,7,True
1,384,7,True
1,384,7,True
1,384,7,True
1,385,7,True
1,385,7,True
1,385,7,True
1,386,7,True
1,386,7,True
1,386,7,True
1,387,7,True
0,387,7,True
1,387,7,True
0,388,7,True
1,388,7,True
0,388,7,True
1,389,7,True
1,389,7,True
1,389,7,True
0,390,7,True
1,390,7,True
0,390,7,True
1,391,7,True
0,391,7,True
1,391,7,True
1,392,7,True
0,392,7,True
1,392,7,True
1,393,7,True
1,393,7,True
1,393,7,True
0,394,7,True
0,394,7,True
1,394,7,True
1,395,7,True
1,395,7,True
1,395,7,True
1,396,7,True
1,396,7,True
0,396,7,True
1,397,7,True
0,397,7,True
0,397,7,True
1,398,7,True
0,398,7,True
1,398,7,True
0,399,7,True
1,399,7,True
1,399,7,True
0,400,7,True
0,400,7,True
0,400,7,True
1,401,7,True
0,401,7,True
1,401,7,True
1,402,7,True
1,402,7,True
0,402,7,True
0,403,7,True
1,403,7,True
1,403,7,True
0,404,7,True
1,404,7,True
1,404,7,True
0,405,7,True
1,405,7,True
1,405,7,True
0,406,7,True
0,406,7,True
0,406,7,True
1,407,7,True
1,407,7,True
1,407,7,True
1,408,7,True
1,408,7,True
0,408,7,True
1,409,7,True
0,409,7,True
1,409,7,True
0,410,7,True
0,410,7,True
1,410,7,True
1,411,7,True
0,411,7,True
1,411,7,True
1,412,7,True
1,412,7,True
0,412,7,True
1,413,7,True
1,413,7,True
0,413,7,True
0,414,7,True
1,414,7,True
0,414,7,True
1,415,7,True
1,415,7,True
0,415,7,True
1,416,7,True
1,416,7,True
0,416,7,True
1,417,7,True
1,417,7,True
0,417,7,True
1,418,7,True
1,418,7,True
1,418,7,True
1,419,7,True
1,419,7,True
1,419,7,True
1,420,7,True
1,420,7,True
1,420,7,True
1,421,8,False
1,421,8,False
1,421,8,False
1,422,8,False
1,422,8,False
1,422,8,False
0,423,8,False
1,423,8,False
1,423,8,False
0,424,8,False
0,424,8,False
0,424,8,False
1,425,8,False
1,425,8,False
1,425,8,False
0,426,8,False
1,426,8,False
0,426,8,False
1,427,8,False
1,427,8,False
1,427,8,False
0,428,8,False
0,428,8,False
1,428,8,False
1,429,8,False
1,429,8,False
0,429,8,False
1,430,8,False
1,430,8,False
1,430,8,False
1,431,8,False
1,431,8,False
1,431,8,False
0,432,8,False
1,432,8,False
1,432,8,False
1,433,8,False
0,433,8,False
1,433,8,False
1,434,8,False
0,434,8,False
1,434,8,False
1,435,8,False
0,435,8,False
0,435,8,False
1,436,8,False
1,436,8,False
1,436,8,False
1,437,8,False
0,437,8,False
1,437,8,False
1,438,8,False
0,438,8,False
0,438,8,False
0,439,8,False
0,439,8,False
1,439,8,False
1,440,8,False
1,440,8,False
0,440,8,False
0,441,8,False
1,441,8,False
0,441,8,False
0,442,8,False
1,442,8,False
1,442,8,False
1,443,8,False
1,443,8,False
0,443,8,False
1,444,8,False
0,444,8,False
0,444,8,False
0,445,8,False
1,445,8,False
1,445,8,False
1,446,8,False
1,446,8,False
1,446,8,False
1,447,8,False
0,447,8,False
0,447,8,False
1,448,8,False
0,448,8,False
1,448,8,False
1,449,8,False
0,449,8,False
0,449,8,False
1,450,8,False
1,450,8,False
1,450,8,False
1,451,8,False
1,451,8,False
1,451,8,False
0,452,8,False
1,452,8,False
0,452,8,False
1,453,8,False
1,453,8,False
1,453,8,False
1,454,8,False
0,454,8,False
1,454,8,False
0,455,8,False
1,455,8,False
1,455,8,False
1,456,8,False
0,456,8,False
0,456,8,False
1,457,8,False
1,457,8,False
0,457,8,False
0,458,8,False
1,458,8,False
0,458,8,False
1,459,8,False
1,459,8,False
1,459,8,False
1,460,8,False
1,460,8,False
1,460,8,False
0,461,8,False
1,461,8,False
1,461,8,False
1,462,8,False
0,462,8,False
0,462,8,False
0,463,8,False
0,463,8,False
1,463,8,False
0,464,8,False
1,464,8,False
0,464,8,False
1,465,8,False
0,465,8,False
1,465,8,False
0,466,8,False
0,466,8,False
1,466,8,False
1,467,8,False
0,467,8,False
1,467,8,False
1,468,8,False
0,468,8,False
1,468,8,False
1,469,8,False
1,469,8,False
1,469,8,False
1,470,8,False
1,470,8,False
0,470,8,False
1,471,8,False
1,471,8,False
0,471,8,False
1,472,8,False
1,472,8,False
0,472,8,False
0,473,8,False
1,473,8,False
1,473,8,False
1,474,8,False
1,474,8,False
1,474,8,False
1,475,8,False
1,475,8,False
1,475,8,False
0,476,8,False
1,476,8,False
0,476,8,False
0,477,8,False
1,477,8,False
0,477,8,False
1,478,8,False
1,478,8,False
1,478,8,False
1,479,8,False
1,479,8,False
1,479,8,False
1,480,8,False
0,480,8,False
0,480,8,False
0,481,9,True
1,481,9,True
1,481,9,True
1,482,9,True
0,482,9,True
1,482,9,True
0,483,9,True
1,483,9,True
1,483,9,True
1,484,9,True
0,484,9,True
1,484,9,True
1,485,9,True
0,485,9,True
1,485,9,True
0,486,9,True
1,486,9,True
1,486,9,True
0,487,9,True
1,487,9,True
0,487,9,True
1,488,9,True
1,488,9,True
1,488,9,True
1,489,9,True
0,489,9,True
1,489,9,True
0,490,9,True
1,490,9,True
0,490,9,True
0,491,9,True
1,491,9,True
1,491,9,True
1,492,9,True
1,492,9,True
1,492,9,True
1,493,9,True
1,493,9,True
1,493,9,True
1,494,9,True
0,494,9,True
1,494,9,True
1,495,9,True
1,495,9,True
1,495,9,True
1,496,9,True
1,496,9,True
1,496,9,True
0,497,9,True
0,497,9,True
1,497,9,True
0,498,9,True
1,498,9,True
1,498,9,True
0,499,9,True
1,499,9,True
0,499,9,True
1,500,9,True
1,500,9,True
1,500,9,True
1,501,9,True
1,501,9,True
1,501,9,True
1,502,9,True
1,502,9,True
1,502,9,True
0,503,9,True
1,503,9,True
1,503,9,True
1,504,9,True
1,504,9,True
1,504,9,True
1,505,9,True
1,505,9,True
0,505,9,True
1,506,9,True
1,506,9,True
1,506,9,True
0,507,9,True
1,507,9,True
1,507,9,True
1,508,9,True
1,508,9,True
1,508,9,True
1,509,9,True
0,509,9,True
1,509,9,True
1,510,9,True
1,510,9,True
1,510,9,True
1,511,9,True
1,511,9,True
0,511,9,True
0,512,9,True
1,512,9,True
1,512,9,True
1,513,9,True
1,513,9,True
1,513,9,True
1,514,9,True
1,514,9,True
0,514,9,True
1,515,9,True
0,515,9,True
0,515,9,True
0,516,9,True
1,516,9,True
1,516,9,True
1,517,9,True
1,517,9,True
1,517,9,True
1,518,9,True
1,518,9,True
1,518,9,True
1,519,9,True
1,519,9,True
1,519,9,True
1,520,9,True
1,520,9,True
0,520,9,True
0,521,9,True
0,521,9,True
1,521,9,True
1,522,9,True
1,522,9,True
1,522,9,True
1,523,9,True
1,523,9,True
1,523,9,True
1,524,9,True
1,524,9,True
0,524,9,True
1,525,9,True
1,525,9,True
1,525,9,True
0,526,9,True
1,526,9,True
1,526,9,True
1,527,9,True
0,527,9,True
1,527,9,True
1,528,9,True
1,528,9,True
0,528,9,True
1,529,9,True
1,529,9,True
1,529,9,True
1,530,9,True
1,530,9,True
1,530,9,True
1,531,9,True
1,531,9,True
0,531,9,True
1,532,9,True
1,532,9,True
1,532,9,True
1,533,9,True
1,533,9,True
1,533,9,True
1,534,9,True
0,534,9,True
0,534,9,True
1,535,9,True
1,535,9,True
0,535,9,True
1,536,9,True
1,536,9,True
1,536,9,True
0,537,9,True
1,537,9,True
1,537,9,True
1,538,9,True
1,538,9,True
0,538,9,True
1,539,9,True
1,539,9,True
1,539,9,True
1,540,9,True
1,540,9,True
0,540,9,True
1,541,10,True
1,541,10,True
1,541,10,True
1,542,10,True
1,542,10,True
0,542,10,True
1,543,10,True
1,543,10,True
0,543,10,True
1,544,10,True
1,544,10,True
1,544,10,True
1,545,10,True
0,545,10,True
0,545,10,True
1,546,10,True
1,546,10,True
1,546,10,True
1,547,10,True
0,547,10,True
0,547,10,True
1,548,10,True
1,548,10,True
1,548,10,True
0,549,10,True
1,549,10,True
0,549,10,True
0,550,10,True
0,550,10,True
0,550,10,True
1,551,10,True
1,551,10,True
1,551,10,True
1,552,10,True
0,552,10,True
0,552,10,True
1,553,10,True
1,553,10,True
1,553,10,True
1,554,10,True
1,554,10,True
1,554,10,True
1,555,10,True
1,555,10,True
1,555,10,True
1,556,10,True
1,556,10,True
0,556,10,True
1,557,10,True
1,557,10,True
1,557,10,True
0,558,10,True
1,558,10,True
1,558,10,True
1,559,10,True
1,559,10,True
1,559,10,True
0,560,10,True
1,560,10,True
1,560,10,True
1,561,10,True
1,561,10,True
0,561,10,True
0,562,10,True
1,562,10,True
1,562,10,True
0,563,10,True
1,563,10,True
1,563,10,True
1,564,10,True
0,564,10,True
1,564,10,True
1,565,10,True
1,565,10,True
1,565,10,True
0,566,10,True
1,566,10,True
1,566,10,True
0,567,10,True
0,567,10,True
1,567,10,True
1,568,10,True
1,568,10,True
1,568,10,True
1,569,10,True
1,569,10,True
0,569,10,True
0,570,10,True
0,570,10,True
0,570,10,True
1,571,10,True
1,571,10,True
1,571,10,True
0,572,10,True
0,572,10,True
0,572,10,True
1,573,10,True
1,573,10,True
0,573,10,True
1,574,10,True
0,574,10,True
1,574,10,True
1,575,10,True
0,575,10,True
1,575,10,True
1,576,10,True
1,576,10,True
0,576,10,True
0,577,10,True
1,577,10,True
1,577,10,True
0,578,10,True
1,578,10,True
1,578,10,True
1,579,10,True
0,579,10,True
1,579,10,True
1,580,10,True
1,580,10,True
0,580,10,True
0,581,10,True
1,581,10,True
0,581,10,True
1,582,10,True
1,582,10,True
1,582,10,True
0,583,10,True
1,583,10,True
1,583,10,True
1,584,10,True
1,584,10,True
1,584,10,True
1,585,10,True
1,585,10,True
1,585,10,True
1,586,10,True
0,586,10,True
0,586,10,True
1,587,10,True
1,587,10,True
1,587,10,True
1,588,10,True
0,588,10,True
1,588,10,True
1,589,10,True
0,589,10,True
1,589,10,True
0,590,10,True
1,590,10,True
0,590,10,True
1,591,10,True
1,591,10,True
1,591,10,True
0,592,10,True
1,592,10,True
1,592,10,True
1,593,10,True
1,593,10,True
0,593,10,True
1,594,10,True
1,594,10,True
1,594,10,True
0,595,10,True
1,595,10,True
1,595,10,True
0,596,10,True
0,596,10,True
1,596,10,True
1,597,10,True
0,597,10,True
1,597,10,True
1,598,10,True
1,598,10,True
1,598,10,True
1,599,10,True
1,599,10,True
1,599,10,True
1,600,10,True
1,600,10,True
1,600,10,True
1,601,11,True
1,601,11,True
0,601,11,True
1,602,11,True
1,602,11,True
1,602,11,True
1,603,11,True
0,603,11,True
0,603,11,True
0,604,11,True
1,604,11,True
1,604,11,True
1,605,11,True
1,605,11,True
0,605,11,True
1,606,11,True
1,606,11,True
1,606,11,True
1,607,11,True
1,607,11,True
1,607,11,True
0,608,11,True
1,608,11,True
0,608,11,True
1,609,11,True
1,609,11,True
1,609,11,True
0,610,11,True
1,610,11,True
1,610,11,True
1,611,11,True
1,611,11,True
0,611,11,True
1,612,11,True
1,612,11,True
1,612,11,True
1,613,11,True
1,613,11,True
0,613,11,True
1,614,11,True
1,614,11,True
1,614,11,True
1,615,11,True
1,615,11,True
1,615,11,True
0,616,11,True
0,616,11,True
1,616,11,True
1,617,11,True
1,617,11,True
0,617,11,True
1,618,11,True
1,618,11,True
1,618,11,True
1,619,11,True
1,619,11,True
1,619,11,True
1,620,11,True
1,620,11,True
1,620,11,True
0,621,11,True
1,621,11,True
1,621,11,True
1,622,11,True
1,622,11,True
1,622,11,True
1,623,11,True
1,623,11,True
1,623,11,True
0,624,11,True
0,624,11,True
1,624,11,True
0,625,11,True
1,625,11,True
1,625,11,True
0,626,11,True
0,626,11,True
1,626,11,True
1,627,11,True
0,627,11,True
1,627,11,True
1,628,11,True
1,628,11,True
1,628,11,True
0,629,11,True
0,629,11,True
1,629,11,True
1,630,11,True
1,630,11,True
1,630,11,True
1,631,11,True
1,631,11,True
0,631,11,True
1,632,11,True
1,632,11,True
1,632,11,True
1,633,11,True
0,633,11,True
1,633,11,True
1,634,11,True
1,634,11,True
0,634,11,True
1,635,11,True
1,635,11,True
1,635,11,True
0,636,11,True
0,636,11,True
1,636,11,True
0,637,11,True
1,637,11,True
1,637,11,True
1,638,11,True
1,638,11,True
1,638,11,True
0,639,11,True
0,639,11,True
1,639,11,True
1,640,11,True
1,640,11,True
0,640,11,True
1,641,11,True
0,641,11,True
1,641,11,True
1,642,11,True
1,642,11,True
1,642,11,True
1,643,11,True
1,643,11,True
0,643,11,True
1,644,11,True
0,644,11,True
1,644,11,True
1,645,11,True
0,645,11,True
0,645,11,True
1,646,11,True
1,646,11,True
0,646,11,True
1,647,11,True
0,647,11,True
1,647,11,True
1,648,11,True
1,648,11,True
0,648,11,True
0,649,11,True
1,649,11,True
0,649,11,True
1,650,11,True
1,650,11,True
1,650,11,True
1,651,11,True
1,651,11,True
1,651,11,True
1,652,11,True
1,652,11,True
0,652,11,True
1,653,11,True
1,653,11,True
1,653,11,True
1,654,11,True
1,654,11,True
1,654,11,True
1,655,11,True
1,655,11,True
0,655,11,True
1,656,11,True
1,656,11,True
1,656,11,True
0,657,11,True
0,657,11,True
0,657,11,True
1,658,11,True
0,658,11,True
1,658,11,True
0,659,11,True
0,659,11,True
1,659,11,True
1,660,11,True
1,660,11,True
1,660,11,True
1,661,12,True
0,661,12,True
1,661,12,True
1,662,12,True
1,662,12,True
1,662,12,True
0,663,12,True
1,663,12,True
0,663,12,True
0,664,12,True
1,664,12,True
1,664,12,True
1,665,12,True
1,665,12,True
1,665,12,True
0,666,12,True
1,666,12,True
1,666,12,True
1,667,12,True
0,667,12,True
1,667,12,True
1,668,12,True
1,668,12,True
1,668,12,True
0,669,12,True
1,669,12,True
1,669,12,True
1,670,12,True
0,670,12,True
1,670,12,True
1,671,12,True
0,671,12,True
1,671,12,True
1,672,12,True
1,672,12,True
0,672,12,True
0,673,12,True
0,673,12,True
0,673,12,True
1,674,12,True
1,674,12,True
1,674,12,True
0,675,12,True
0,675,12,True
1,675,12,True
1,676,12,True
1,676,12,True
1,676,12,True
0,677,12,True
1,677,12,True
1,677,12,True
1,678,12,True
0,678,12,True
0,678,12,True
1,679,12,True
1,679,12,True
1,679,12,True
1,680,12,True
0,680,12,True
0,680,12,True
1,681,12,True
1,681,12,True
1,681,12,True
1,682,12,True
1,682,12,True
1,682,12,True
1,683,12,True
1,683,12,True
1,683,12,True
1,684,12,True
0,684,12,True
1,684,12,True
1,685,12,True
1,685,12,True
1,685,12,True
0,686,12,True
1,686,12,True
1,686,12,True
1,687,12,True
1,687,12,True
0,687,12,True
1,688,12,True
0,688,12,True
0,688,12,True
1,689,12,True
1,689,12,True
0,689,12,True
1,690,12,True
1,690,12,True
1,690,12,True
1,691,12,True
0,691,12,True
1,691,12,True
1,692,12,True
1,692,12,True
0,692,12,True
0,693,12,True
1,693,12,True
0,693,12,True
1,694,12,True
0,694,12,True
1,694,12,True
1,695,12,True
1,695,12,True
0,695,12,True
0,696,12,True
1,696,12,True
1,696,12,True
1,697,12,True
0,697,12,True
1,697,12,True
1,698,12,True
1,698,12,True
1,698,12,True
1,699,12,True
1,699,12,True
1,699,12,True
1,700,12,True
0,700,12,True
1,700,12,True
0,701,12,True
1,701,12,True
1,701,12,True
0,702,12,True
1,702,12,True
1,702,12,True
1,703,12,True
0,703,12,True
1,703,12,True
0,704,12,True
1,704,12,True
0,704,12,True
0,705,12,True
0,705,12,True
0,705,12,True
1,706,12,True
1,706,12,True
1,706,12,True
1,707,12,True
1,707,12,True
1,707,12,True
1,708,12,True
1,708,12,True
1,708,12,True
1,709,12,True
1,709,12,True
1,709,12,True
1,710,12,True
1,710,12,True
0,710,12,True
1,711,12,True
1,711,12,True
1,711,12,True
1,712,12,True
0,712,12,True
1,712,12,True
1,713,12,True
0,713,12,True
1,713,12,True
1,714,12,True
1,714,12,True
1,714,12,True
1,715,12,True
0,715,12,True
1,715,12,True
1,716,12,True
1,716,12,True
1,716,12,True
0,717,12,True
1,717,12,True
0,717,12,True
0,718,12,True
0,718,12,True
1,718,12,True
0,719,12,True
1,719,12,True
1,719,12,True
1,720,12,True
1,720,12,True
1,720,12,True
1,721,13,True
1,721,13,True
1,721,13,True
0,722,13,True
1,722,13,True
0,722,13,True
1,723,13,True
1,723,13,True
0,723,13,True
1,724,13,True
1,724,13,True
0,724,13,True
1,725,13,True
1,725,13,True
1,725,13,True
0,726,13,True
0,726,13,True
0,726,13,True
1,727,13,True
0,727,13,True
0,727,13,True
1,728,13,True
1,728,13,True
1,728,13,True
1,729,13,True
1,729,13,True
1,729,13,True
1,730,13,True
1,730,13,True
1,730,13,True
0,731,13,True
1,731,13,True
1,731,13,True
0,732,13,True
1,732,13,True
1,732,13,True
1,733,13,True
1,733,13,True
1,733,13,True
1,734,13,True
1,734,13,True
1,734,13,True
1,735,13,True
1,735,13,True
1,735,13,True
